﻿{
    "default":  {
                    "UserName":  "mrplus",
                    "Wallet":  "134bw4oTorEJUUVFhokDQDfNqTs7rBMNYy",
                    "WorkerName":  "ID=NPlusMinerRocks",
                    "PricePenaltyFactor":  1
                },
    "nicehash":  {
                     "UserName":  "mrplus",
                     "Wallet":  "134bw4oTorEJUUVFhokDQDfNqTs7rBMNYy",
                     "WorkerName":  "NPlusMinerRocks",
                     "PricePenaltyFactor":  1
                 }
}
