﻿{
    "default":  {
                    "UserName":  "mrplus",
                    "Wallet":  "134bw4oTorEJUUVFhokDQDfNqTs7rBMNYy",
                    "WorkerName":  "ID=NPlusMinerRocks",
                    "PricePenaltyFactor":  1
                },
    "ahashpool":  {
                      "UserName":  "mrplus",
                      "Wallet":  "134bw4oTorEJUUVFhokDQDfNqTs7rBMNYy",
                      "WorkerName":  "ID=NPlusMinerRocks",
                      "PricePenaltyFactor":  1
                  },
    "ahashpool24hr":  {
                          "UserName":  "mrplus",
                          "Wallet":  "134bw4oTorEJUUVFhokDQDfNqTs7rBMNYy",
                          "WorkerName":  "ID=NPlusMinerRocks",
                          "PricePenaltyFactor":  1
                      },
    "ahashpoolplus":  {
                          "UserName":  "mrplus",
                          "Wallet":  "134bw4oTorEJUUVFhokDQDfNqTs7rBMNYy",
                          "WorkerName":  "ID=NPlusMinerRocks",
                          "PricePenaltyFactor":  1
                      },
    "blazepool":  {
                      "UserName":  "mrplus",
                      "Wallet":  "134bw4oTorEJUUVFhokDQDfNqTs7rBMNYy",
                      "WorkerName":  "ID=NPlusMinerRocks",
                      "PricePenaltyFactor":  1
                  },
    "blazepool24hr":  {
                          "UserName":  "mrplus",
                          "Wallet":  "134bw4oTorEJUUVFhokDQDfNqTs7rBMNYy",
                          "WorkerName":  "ID=NPlusMinerRocks",
                          "PricePenaltyFactor":  1
                      },
    "blazepoolplus":  {
                          "UserName":  "mrplus",
                          "Wallet":  "134bw4oTorEJUUVFhokDQDfNqTs7rBMNYy",
                          "WorkerName":  "ID=NPlusMinerRocks",
                          "PricePenaltyFactor":  1
                      },
    "hashrefinery":  {
                         "UserName":  "mrplus",
                         "Wallet":  "134bw4oTorEJUUVFhokDQDfNqTs7rBMNYy",
                         "WorkerName":  "ID=NPlusMinerRocks",
                         "PricePenaltyFactor":  1
                     },
    "minemoney":  {
                      "UserName":  "mrplus",
                      "Wallet":  "134bw4oTorEJUUVFhokDQDfNqTs7rBMNYy",
                      "WorkerName":  "ID=NPlusMinerRocks",
                      "PricePenaltyFactor":  1
                  },
    "minemoney24hr":  {
                          "UserName":  "mrplus",
                          "Wallet":  "134bw4oTorEJUUVFhokDQDfNqTs7rBMNYy",
                          "WorkerName":  "ID=NPlusMinerRocks",
                          "PricePenaltyFactor":  1
                      },
    "miningpoolhub":  {
                          "UserName":  "mrplus",
                          "Wallet":  "134bw4oTorEJUUVFhokDQDfNqTs7rBMNYy",
                          "WorkerName":  "NPlusMinerRocks",
                          "PricePenaltyFactor":  1,
                          "APIKey":  ""
                      },
    "nicehash":  {
                     "UserName":  "mrplus",
                     "Wallet":  "134bw4oTorEJUUVFhokDQDfNqTs7rBMNYy",
                     "WorkerName":  "NPlusMinerRocks",
                     "PricePenaltyFactor":  1
                 },
    "zergpool":  {
                     "UserName":  "mrplus",
                     "Wallet":  "134bw4oTorEJUUVFhokDQDfNqTs7rBMNYy",
                     "WorkerName":  "ID=NPlusMinerRocks",
                     "PricePenaltyFactor":  1
                 },
    "zergpool24hr":  {
                         "UserName":  "mrplus",
                         "Wallet":  "134bw4oTorEJUUVFhokDQDfNqTs7rBMNYy",
                         "WorkerName":  "ID=NPlusMinerRocks",
                         "PricePenaltyFactor":  1
                     },
    "zergpoolplus":  {
                         "UserName":  "mrplus",
                         "Wallet":  "134bw4oTorEJUUVFhokDQDfNqTs7rBMNYy",
                         "WorkerName":  "ID=NPlusMinerRocks",
                         "PricePenaltyFactor":  1
                     },
    "zpool":  {
                  "UserName":  "mrplus",
                  "Wallet":  "134bw4oTorEJUUVFhokDQDfNqTs7rBMNYy",
                  "WorkerName":  "ID=NPlusMinerRocks",
                  "PricePenaltyFactor":  1
              },
    "zpool24hr":  {
                      "UserName":  "mrplus",
                      "Wallet":  "134bw4oTorEJUUVFhokDQDfNqTs7rBMNYy",
                      "WorkerName":  "ID=NPlusMinerRocks",
                      "PricePenaltyFactor":  1
                  },
    "zpoolplus":  {
                      "UserName":  "mrplus",
                      "Wallet":  "134bw4oTorEJUUVFhokDQDfNqTs7rBMNYy",
                      "WorkerName":  "ID=NPlusMinerRocks",
                      "PricePenaltyFactor":  1
                  }
}
